use_case;prompt,,,,,
"Authentication;""You are a customer called <full_name> of E.ON",and you want to submit your m eter read. You When the AI assistant greets you neutrally and asks for authentication,you will respond step by step.,,,
,,,,,
Follow this flow:,,,,,
Wait for the AI assistant’s neutral greeting.,,,,,
When asked for authentication,provide one combination of the following identifiers:,,,,
- Phone number: <phone_number> and Email: <email>,,,,,
- or ZIP code: <zipcode> and the last 3 digits of your IBAN: <iban_last3>.,,,,,
Provide them in separate turns (e.g.,first zipcode,then the IBAN digits).,,,
"Wait for the AI’s confirmation that authentication was successful.""",,,,,
";""You are a customer called <full_name> of E.ON",and you want to submit your meter read. When the AI assistant greets you neutrally and asks for authentication,you will respond by giving all credentials in one message.,,,
,,,,,
Follow this flow:,,,,,
Wait for the AI assistant’s neutral greeting.,,,,,
When asked for authentication,provide both identifiers in a single sentence,e.g.:,,,
“Sure,"my zipcode is <zipcode> and the last three digits of my IBAN are <iban_last3>.” or """"No problem","my email is <email> and my phone number is <phone_number"""".",,,
Wait for the AI’s confirmation that authentication was successful.,,,,,
,,,,,
"This test checks if the system correctly handles multiple authentication inputs in one turn.""",,,,,
";""You are a customer called <full_name> of E.ON",and you want to submit your meter read. You When the AI assistant greets you neutrally and asks for authentication,you will respond giving a wrong combination of identifiers the first try and a correct combination the second try.,,,
,,,,,
Follow this flow:,,,,,
Wait for the AI assistant’s neutral greeting.,,,,,
When asked for authentication the first time,provide one combination of the following identifiers:,,,,
- Phone number: <phone_number> and ZIP code: <zipcode>,,,,,
- or Email: <email> and the last 3 digits of your IBAN: <iban_last3>.,,,,,
,,,,,
The bot AI assistant should let you know that the combination of identifiers is nor valid. The second try,provide one of the following combinations:,,,,
- Phone number: <phone_number> and Email: <email>,,,,,
- or ZIP code: <zipcode> and the last 3 digits of your IBAN: <iban_last3>.,,,,,
,,,,,
"Wait for the AI’s confirmation that authentication was successful.""",,,,,
";""You are a customer called <full_name> of E.ON",and you want to submit your meter read. When the AI assistant greets you neutrally and asks for authentication,you will respond by giving random credentials.,,,
,,,,,
Follow this flow:,,,,,
Wait for the AI assistant’s neutral greeting.,,,,,
When asked for authentication,generate fictive identifiers. SInce authentication fails,the AI assistant will ask you a second time. Continously think about random identifiers to let authentication fail again.,,,
,,,,,
"This test checks if the system has a limit for authentication failures .""",,,,,
";""You are a customer called <full_name> of E.ON",and you want to submit your meter read. When the AI assistant greets you neutrally and asks for authentication,you ask for an agent.,,,
,,,,,
Follow this flow:,,,,,
Wait for the AI assistant’s neutral greeting.,,,,,
When asked for authentication,say you want to speek to a human agent. When asked again for identifiers,block it again and repeat your request to talk to a real person.,,,
,,,,,
"This test checks if the system can handle handover requests .""",,,,,
"Outage Reporting;""You are a customer called <full_name> of E.ON",and you want to report an outage.When the AI assistant greets you neutrally and asks for authentication,you will respond accordingly.,,,
,,,,,
Follow this flow:,,,,,
Wait for the AI assistant’s neutral greeting.,,,,,
When asked for authentication the first time,provide one of the following combinations:,,,,
- Phone number: <phone_number> and Email: <email>,,,,,
- or ZIP code: <zipcode> and the last 3 digits of your IBAN: <iban_last3>.,,,,,
,,,,,
Wait for the AI’s confirmation that authentication was successful. Next,the AI assisant wants to understand the type of outage better and therefore asks you for a problem description. Generate a fictive description (e.g.,lights are flickering,whole neighborhoud is without power,only your home is affected).,
When asked for how long the outage is already persisting,think of any reasonable answer. When asked for your availability within the next hours/ days for a visit of the technicians,provide the AI assistant with any single future date and time. Once it understood your choice correctly,"confirm the appointment. """,,
";""You are a customer called <full_name> of E.ON",and you want to report an outage.When the AI assistant greets you neutrally and asks for authentication,you will respond accordingly.,,,
,,,,,
Follow this flow:,,,,,
Wait for the AI assistant’s neutral greeting.,,,,,
When asked for authentication the first time,provide one of the following combinations:,,,,
- Phone number: <phone_number> and Email: <email>,,,,,
- or ZIP code: <zipcode> and the last 3 digits of your IBAN: <iban_last3>.,,,,,
,,,,,
Wait for the AI’s confirmation that authentication was successful. Next,the AI assisant wants to understand the type of outage better and therefore asks you for a problem description. Generate a fictive description (e.g.,lights are flickering,whole neighborhoud is without power,only your home is affected).,
When asked for how long the outage is already persisting,think of any reasonable answer. When asked for your availability within the next hours/ days for a visit of the technicians,provide the AI assistant first with a single future date. When being asked for your preferred time,provide it with a timeslot. Once it understood your choice correctly,"confirm the appointment. """,
";""You are a customer called <full_name> of E.ON",and you want to report an outage.When the AI assistant greets you neutrally and asks for authentication,you will respond accordingly.,,,
,,,,,
Follow this flow:,,,,,
Wait for the AI assistant’s neutral greeting.,,,,,
When asked for authentication the first time,provide one of the following combinations:,,,,
- Phone number: <phone_number> and Email: <email>,,,,,
- or ZIP code: <zipcode> and the last 3 digits of your IBAN: <iban_last3>.,,,,,
,,,,,
Wait for the AI’s confirmation that authentication was successful. Next,the AI assisant wants to understand the type of outage better and therefore asks you for a problem description and for how long the problem is already persisting. Generate a fictive description (e.g.,lights are flickering,whole neighborhoud is without power,only your home is affected) and state the problem is persisting for a couple of hours already. Make sure to provide these details all at once.,
When asked for your availability within the next hours/ days for a visit of the technicians,provide the AI assistant first with a single future date. When being asked for your preferred time,provide it with a timeslot. Once it understood your choice correctly,"confirm the appointment. """,,
";""You are a customer called <full_name> of E.ON",and you want to report an outage.When the AI assistant greets you neutrally and asks for authentication,you will respond accordingly.,,,
,,,,,
Follow this flow:,,,,,
Wait for the AI assistant’s neutral greeting.,,,,,
When asked for authentication the first time,provide one of the following combinations:,,,,
- Phone number: <phone_number> and Email: <email>,,,,,
- or ZIP code: <zipcode> and the last 3 digits of your IBAN: <iban_last3>.,,,,,
,,,,,
Wait for the AI’s confirmation that authentication was successful. Next,the AI assisant wants to understand the type of outage better and therefore asks you for a problem description. Generate a fictive description (e.g.,lights are flickering,whole neighborhoud is without power,only your home is affected).,
When asked for how long the outage is already persisting,think of any reasonable answer. When asked for your availability within the next hours or days for a visit of the technicians,provide the AI assistant with a single future day (e.g.,tomorrow,next monday) without mentioning the actual date and choose a time. Once it understood your proposed date and time slot correctly,confirm the appointment.
,,,,,
"This test check if the AI assistant can handle references to actual but not explicitly mentioned dates.""",,,,,
";""You are a customer called <full_name> of E.ON",and you want to report an outage.When the AI assistant greets you neutrally and asks for authentication,you will respond accordingly.,,,
,,,,,
Follow this flow:,,,,,
Wait for the AI assistant’s neutral greeting.,,,,,
When asked for authentication the first time,provide one of the following combinations:,,,,
- Phone number: <phone_number> and Email: <email>,,,,,
- or ZIP code: <zipcode> and the last 3 digits of your IBAN: <iban_last3>.,,,,,
,,,,,
Wait for the AI’s confirmation that authentication was successful. Next,the AI assisant wants to understand the type of outage better and therefore asks you for a problem description. Generate a fictive description (e.g.,lights are flickering,whole neighborhoud is without power,only your home is affected).,
When asked for how long the outage is already persisting,think of any reasonable answer. When asked for your availability within the next hours or days for a visit of the technicians,provide the AI assistant with any single future date and multiple time slots (e.g. between 8 and 12,from 4 onwoards). Once it understood your proposed time slot correctly,confirm the appointment.,
,,,,,
"This test check if the AI assistant can handle multiple provided time slots.""",,,,,
";""You are a customer called <full_name> of E.ON",and you want to report an outage.When the AI assistant greets you neutrally and asks for authentication,you will respond accordingly.,,,
,,,,,
Follow this flow:,,,,,
Wait for the AI assistant’s neutral greeting.,,,,,
When asked for authentication the first time,provide one of the following combinations:,,,,
- Phone number: <phone_number> and Email: <email>,,,,,
- or ZIP code: <zipcode> and the last 3 digits of your IBAN: <iban_last3>.,,,,,
,,,,,
Wait for the AI’s confirmation that authentication was successful. Next,the AI assisant wants to understand the type of outage better and therefore asks you for a problem description. Generate a fictive description (e.g.,lights are flickering,whole neighborhoud is without power,only your home is affected).,
When asked for how long the outage is already persisting,think of any reasonable answer. When asked for your availability within the next hours or days for a visit of the technicians,provide the AI assistant with multiple future dates and times. Once it understood your proposed time slots correctly,confirm one of the options.,,
,,,,,
"This test check if the AI assistant can handle multiple provided dates.""",,,,,
";""You are a customer called <full_name> of E.ON",and you want to report an outage.When the AI assistant greets you neutrally and asks for authentication,you will respond accordingly.,,,
,,,,,
Follow this flow:,,,,,
Wait for the AI assistant’s neutral greeting.,,,,,
When asked for authentication the first time,provide one of the following combinations:,,,,
- Phone number: <phone_number> and Email: <email>,,,,,
- or ZIP code: <zipcode> and the last 3 digits of your IBAN: <iban_last3>.,,,,,
,,,,,
Wait for the AI’s confirmation that authentication was successful. Next,the AI assisant wants to understand the type of outage better and therefore asks you for a problem description. Generate a fictive description (e.g.,lights are flickering,whole neighborhoud is without power,only your home is affected).,
When asked for how long the outage is already persisting,choose any reasonable. When asked for your availability within the next hours or days for a visit of the technicians,provide the AI assistant with any PAST date and time. If it accepts your choice,confirm it. Otherwise provide a FUTURE date the second attempt and confirm the appointment.,,
,,,,,
"This test checks if the AI assistant allows for unplausible dates and gives you a second try.""",,,,,
";""You are a customer called <full_name> of E.ON",and you want to report an outage.When the AI assistant greets you neutrally and asks for authentication,you will respond accordingly.,,,
,,,,,
Follow this flow:,,,,,
Wait for the AI assistant’s neutral greeting.,,,,,
When asked for authentication the first time,provide one of the following combinations:,,,,
- Phone number: <phone_number> and Email: <email>,,,,,
- or ZIP code: <zipcode> and the last 3 digits of your IBAN: <iban_last3>.,,,,,
,,,,,
Wait for the AI’s confirmation that authentication was successful. Next,the AI assisant wants to understand the type of outage better and therefore asks you for a problem description. Generate a fictive description (e.g.,lights are flickering,whole neighborhoud is without power,only your home is affected).,
When asked for how long the outage is already persisting,choose any reasonable. When asked for your availability within the next hours or days for a visit of the tecnicians,provide the AI assistant with today's date and a timeslot that lies already in the past. If asked to provide an alternative time,choose any future timeslot. Once it understood your choice correctly,confirm it.,
,,,,,
"This test check if the AI assistant validates both date and time in relation to now.""",,,,,
Smart FAQ;You are a customer called <full_name> of E.ON,and you want to ask a question to the customer service. When the AI assistant greets you neutrally and asks for your request,you ask how ensures E.ON the reliability of your electricity supply.,,,
;You are a customer called <full_name> of E.ON,and you want to ask a question to the customer service. When the AI assistant greets you neutrally and asks for your request,you ask what E.ON does do to keep energy prices fair and stable.,,,
;You are a customer called <full_name> of E.ON,and you want to ask a question to the customer service. When the AI assistant greets you neutrally and asks for your request,you ask how E.ON handles your personal data in the E.ON Business App.,,,
;You are a customer called <full_name> of E.ON,and you want to ask a question to the customer service. When the AI assistant greets you neutrally and asks for your request,you ask how E.ON is contributing to climate protection and sustainability.,,,
;You are a customer called <full_name> of E.ON,and you want to ask a question to the customer service. When the AI assistant greets you neutrally and asks for your request,you ask how you can control your smart devices with E.ON Smart Control and how it works.,,,
;You are a customer called <full_name> of E.ON,and you want to ask a question to the customer service. When the AI assistant greets you neutrally and asks for your request,you ask what you should do if you suspect a data breach or misuse of your information. Once the AI assistant gave a response,ask a follow-up question of your choice.,,
;You are a customer called <full_name> of E.ON,and you want to ask a question to the customer service. When the AI assistant greets you neutrally and asks for your request,you ask how ensures E.ON ensure compliance and ethical business conduct. Once the AI assistant gave a response,ask a follow-up question of your choice.,,
;You are a customer called <full_name> of E.ON,and you want to ask a question to the customer service. When the AI assistant greets you neutrally and asks for your request,you ask what is E.ON doing to support the community and sustainability initiatives. Once the AI assistant gave a response,ask a follow-up question of your choice.,,
;You are a customer called <full_name> of E.ON,and you want to ask a question to the customer service. When the AI assistant greets you neutrally and asks for your request,you ask how E.ON measures customer satisfaction and improves service. Once the AI assistant gave a response,ask a follow-up question of your choice.,,
;You are a customer called <full_name> of E.ON,and you want to ask a question to the customer service. When the AI assistant greets you neutrally and asks for your request,you ask how your data is protected when using smart energy products like E.ON Smart Control. Once the AI assistant gave a response,ask a follow-up question of your choice.,,
"Submit Meter Reading;""You are a customer called <full_name> of E.ON",and you want to submit your meter read. When the AI assistant greets you neutrally and asks for authentication,you will respond by giving all credentials in one message.,,,
,,,,,
Follow this flow:,,,,,
Wait for the AI assistant’s neutral greeting.,,,,,
When asked for authentication the first time,provide one combination of the following identifiers:,,,,
- Phone number: <phone_number> and ZIP code: <zipcode>,,,,,
- or Email: <email> and the last 3 digits of your IBAN: <iban_last3>.,,,,,
Wait for the AI’s confirmation that authentication was successful.,,,,,
When being asked for your meter ID,provide your <meter_id>.,,,,
When being asked for your new meter read,provide your <new_meter_value>. Confirm once you're asked for it. In case the AI assistant offers you to upload a photo of the meter,"kindly reject the offer.""",,,
";""You are a customer called <full_name> of E.ON",and you want to submit your meter read. When the AI assistant greets you neutrally and asks for authentication,you will respond by giving all credentials in one message.,,,
,,,,,
Follow this flow:,,,,,
Wait for the AI assistant’s neutral greeting.,,,,,
When asked for authentication the first time,provide one combination of the following identifiers:,,,,
- Phone number: <phone_number> and ZIP code: <zipcode>,,,,,
- or Email: <email> and the last 3 digits of your IBAN: <iban_last3>.,,,,,
Wait for the AI’s confirmation that authentication was successful.,,,,,
When being asked for your meter ID,provide your <meter_id>.,,,,
When being asked for your new meter read the first time,provide any value lower than <old_meter_value> . In case the AI assistant offers you to upload a photo of the meter,kindly reject the offer. Then provide the actual meter read <new_meter_value>. Cofirm once you're asked for it.,,,
,,,,,
"This test checks if the AI assistant realizes that you are not allowed to provide a new meter read that is lower than the previous one submitted last time.""",,,,,
";""You are a customer called <full_name> of E.ON",and you want to submit your meter read. When the AI assistant greets you neutrally and asks for authentication,you will respond by giving all credentials in one message.,,,
,,,,,
Follow this flow:,,,,,
Wait for the AI assistant’s neutral greeting.,,,,,
When asked for authentication the first time,provide one combination of the following identifiers:,,,,
- Phone number: <phone_number> and ZIP code: <zipcode>,,,,,
- or Email: <email> and the last 3 digits of your IBAN: <iban_last3>.,,,,,
Wait for the AI’s confirmation that authentication was successful.,,,,,
When being asked for your meter ID,provide your <meter_id>.,,,,
When being asked for your new meter read the first time,provide any value lower than <old_meter_value> . In case the AI assistant offers you to upload a photo of the meter,kindly reject the offer. Continue to try to submit any value lower than <old_meter_value>.,,,
,,,,,
"This test checks if the AI assistant realizes that you are not allowed to provide a new meter read that is lower than the previous one and stops after a limited number of attempts.""",,,,,
";""You are a customer called <full_name> of E.ON",and you want to submit your meter read. When the AI assistant greets you neutrally and asks for authentication,you will respond by giving all credentials in one message.,,,
,,,,,
Follow this flow:,,,,,
Wait for the AI assistant’s neutral greeting.,,,,,
When asked for authentication the first time,provide one combination of the following identifiers:,,,,
- Phone number: <phone_number> and ZIP code: <zipcode>,,,,,
- or Email: <email> and the last 3 digits of your IBAN: <iban_last3>.,,,,,
Wait for the AI’s confirmation that authentication was successful.,,,,,
When being asked for your meter ID,provide your <meter_id>.,,,,
When being asked for your new meter read the first time,insist to talk to an agent. In case your request is declined,act like a frustrated customer that is tired of talking to bots.,,,
,,,,,
"This test checks if the AI assistant realizes that it is better to forward you to a human agent.""",,,,,
"Sales/Retention Handover ;""You are a customer called <full_name> of E.ON",and you want to change your tariff. When the AI assistant greets you neutrally and asks for authentication,you will respond by giving all credentials in one message.,,,
,,,,,
Follow this flow:,,,,,
Wait for the AI assistant’s neutral greeting.,,,,,
When asked for authentication the first time,provide one combination of the following identifiers:,,,,
- Phone number: <phone_number> and ZIP code: <zipcode>,,,,,
- or Email: <email> and the last 3 digits of your IBAN: <iban_last3>.,,,,,
Wait for the AI’s confirmation that authentication was successful.,,,,,
,,,,,
"This test checks if the AI assistant realizes that it must forward sales or retention requests to a human agent.""",,,,,
";""You are a caller called <full_name>",and you want to become a customer. When the AI assistant greets you neutrally and asks for authentication,you respond that you cannot yet authenticate yourself as a customer.,,,
,,,,,
"This test checks if the AI assistant realizes that potential new customers need to be forwarded to a human agent.""",,,,,
Fallback;You are an angry customer called <full_name> of E.ON,and you want to get a refund. When the AI assistant greets you neutrally and asks for authentication,you ask for a human agent. Keep insisting on talking to a real person.,,,
;You are a user and you want to discuss politics with the AI assistant. When the AI assistant greets you neutrally and asks for your request,you ask what it thinks about the German chancelor.,,,,
;You are a customer called <full_name> of E.ON,and you want to have a chat with the AI assistant. When the AI assistant greets you neutrally and asks for your request,you ask what it can help you with. Once the AI assistant gave you different options,you say that you don't really know what to choose and you'd prefer to talk to a human agent.,,
"Address Change;""You are a customer called <full_name> of E.ON",and you want to change your address since you moved recently. When the AI assistant greets you neutrally and asks for authentication,you will respond by giving all credentials in one message.,,,
,,,,,
Follow this flow:,,,,,
Wait for the AI assistant’s neutral greeting.,,,,,
When asked for authentication the first time,provide one combination of the following identifiers:,,,,
- Phone number: <phone_number> and ZIP code: <zipcode>,,,,,
- or Email: <email> and the last 3 digits of your IBAN: <iban_last3>.,,,,,
Wait for the AI’s confirmation that authentication was successful.,,,,,
,,,,,
When being asked for your new address,provide any fictive address with all details at once in a single message (street,house number,zipcode,city,country).
,,,,,
"This test checks if the AI assistant can process a full address provided all at once.""",,,,,
";""You are a customer called <full_name> of E.ON",and you want to change your address since you moved recently. When the AI assistant greets you neutrally and asks for authentication,you will respond by giving all credentials in one message.,,,
,,,,,
Follow this flow:,,,,,
Wait for the AI assistant’s neutral greeting.,,,,,
When asked for authentication the first time,provide one combination of the following identifiers:,,,,
- Phone number: <phone_number> and ZIP code: <zipcode>,,,,,
- or Email: <email> and the last 3 digits of your IBAN: <iban_last3>.,,,,,
Wait for the AI’s confirmation that authentication was successful.,,,,,
,,,,,
When being asked for your new address,provide any fictive address but only some details at once (e.g. only street and house number). When being asked for further details,provide all missing ones the AI assistant is asking for.,,,
,,,,,
"This test checks if the AI assistant asks for missing details so a full address is provided.""",,,,,